{ 
"parent": "item/handheld", 
"textures": { 
"layer0": "item/weapon/11"
},
"display": {
    "thirdperson_righthand": {
        "rotation": [ 0, 90, 46 ],
        "translation": [ 0, 10, 2.5 ],
        "scale": [ 1.7, 1.7, 1.7 ]
    },
    "thirdperson_lefthand": {
        "rotation": [ 0, -90, -46 ],
        "translation": [ 0, 10, 2.5 ],
        "scale": [ 1.7, 1.7, 1.7 ]
    },
    "head": {
        "rotation": [ 0, 0, 0 ],
        "translation": [ 0, 0, 0 ],
        "scale": [ 0.95, 0.95, 0.95 ]
    },
    "ground": {
        "rotation": [ 0, 0, 45 ],
        "translation": [ 0, 4.5, 0 ],
        "scale": [ 1.2, 1.2, 1.2 ]
    },    
	"firstperson_righthand": {
        "rotation": [ 0, 270, 30 ],
        "translation": [ 1, 3.5, 1 ],
        "scale": [ 1.0, 1.0, 1.0 ]
    },
	"firstperson_lefthand": {
        "rotation": [ 0, -270, -30 ],
        "translation": [ 1, 3.5, 1 ],
        "scale": [ 1.0, 1.0, 1.0 ]
    },
    "fixed": {
        "rotation": [ 0, 0, 0 ],
        "translation": [ 0, 0, 0 ],
        "scale": [ 1.0, 1.0, 1.0 ]
    },

    "gui": {
        "rotation": [ 0, 0, 0 ],
        "translation": [ 0, 0, 0 ],
        "scale": [ 1.0, 1.0, 1.0 ]
    }
}
}