{ 
"parent": "item/handheld", 
"textures": { 
"layer0": "item/weapon/15"
},
"display": {
    "thirdperson_righthand": {
        "rotation": [ 75, 5, 46 ],
        "translation": [ 1, 2, 2.5 ],
        "scale": [ 1.0, 1.0, 1.0 ]
    },
    "thirdperson_lefthand": {
        "rotation": [ 75, -5, -46 ],
        "translation": [ 1, 2, 2.5 ],
        "scale": [ 1.0, 1.0, 1.0 ]
    },
    "head": {
        "rotation": [ 0, 0, 0 ],
        "translation": [ 0, 0, 0 ],
        "scale": [ 0.95, 0.95, 0.95 ]
    },
    "ground": {
        "rotation": [ 0, 0, 45 ],
        "translation": [ 0, 4.5, 0 ],
        "scale": [ 1.2, 1.2, 1.2 ]
    },    
	"firstperson_righthand": {
        "rotation": [ 0, 270, 30 ],
        "translation": [ 1, 3.5, 1 ],
        "scale": [ 0.8, 0.8, 0.8 ]
    },
	"firstperson_lefthand": {
        "rotation": [ 0, -270, -30 ],
        "translation": [ 1, 3.5, 1 ],
        "scale": [ 0.8, 0.8, 0.8 ]
    },
    "fixed": {
        "rotation": [ 90, 0, 0 ],
        "translation": [ 0, 0, 7.5 ],
        "scale": [ 1.25, 1, 1.25 ]
    },

    "gui": {
        "rotation": [ 0, 0, 0 ],
        "translation": [ 0, 0, 0 ],
        "scale": [ 1.0, 1.0, 1.0 ]
    }
}
}