{
	"credit": "Made with Blockbench",
	"texture_size": [64, 64],
	"textures": {
		"0": "item/weapon/poseidontrident",
		"particle": "item/weapon/poseidontrident"
	},
	"elements": [
		{
			"from": [6.5, 17, 14],
			"to": [8.5, 18, 15],
			"faces": {
				"north": {"uv": [0.25, 3.75, 0.75, 4], "texture": "#0"},
				"east": {"uv": [0, 3.75, 0.25, 4], "texture": "#0"},
				"south": {"uv": [1, 3.75, 1.5, 4], "texture": "#0"},
				"west": {"uv": [0.75, 3.75, 1, 4], "texture": "#0"},
				"up": {"uv": [0.75, 3.75, 0.25, 3.5], "texture": "#0"},
				"down": {"uv": [1.25, 3.5, 0.75, 3.75], "texture": "#0"}
			}
		},
		{
			"from": [6, 19, 6],
			"to": [7, 21, 10],
			"faces": {
				"north": {"uv": [6.5, 2.25, 6.75, 2.75], "texture": "#0"},
				"east": {"uv": [5.5, 2.25, 6.5, 2.75], "texture": "#0"},
				"south": {"uv": [7.75, 2.25, 8, 2.75], "texture": "#0"},
				"west": {"uv": [6.75, 2.25, 7.75, 2.75], "texture": "#0"},
				"up": {"uv": [6.75, 2.25, 6.5, 1.25], "texture": "#0"},
				"down": {"uv": [7, 1.25, 6.75, 2.25], "texture": "#0"}
			}
		},
		{
			"from": [6, 18, 9],
			"to": [7, 19, 11],
			"faces": {
				"north": {"uv": [6, 7.5, 6.25, 7.75], "texture": "#0"},
				"east": {"uv": [5.5, 7.5, 6, 7.75], "texture": "#0"},
				"south": {"uv": [6.75, 7.5, 7, 7.75], "texture": "#0"},
				"west": {"uv": [6.25, 7.5, 6.75, 7.75], "texture": "#0"},
				"up": {"uv": [6.25, 7.5, 6, 7], "texture": "#0"},
				"down": {"uv": [6.5, 7, 6.25, 7.5], "texture": "#0"}
			}
		},
		{
			"from": [6, 17, 10],
			"to": [7, 18, 12],
			"faces": {
				"north": {"uv": [9.5, 6.5, 9.75, 6.75], "texture": "#0"},
				"east": {"uv": [9, 6.5, 9.5, 6.75], "texture": "#0"},
				"south": {"uv": [10.25, 6.5, 10.5, 6.75], "texture": "#0"},
				"west": {"uv": [9.75, 6.5, 10.25, 6.75], "texture": "#0"},
				"up": {"uv": [9.75, 6.5, 9.5, 6], "texture": "#0"},
				"down": {"uv": [10, 6, 9.75, 6.5], "texture": "#0"}
			}
		},
		{
			"from": [6, 21, 7],
			"to": [7, 26, 9],
			"faces": {
				"north": {"uv": [3, 8.5, 3.25, 9.75], "texture": "#0"},
				"east": {"uv": [2.5, 8.5, 3, 9.75], "texture": "#0"},
				"south": {"uv": [3.75, 8.5, 4, 9.75], "texture": "#0"},
				"west": {"uv": [3.25, 8.5, 3.75, 9.75], "texture": "#0"},
				"up": {"uv": [3.25, 8.5, 3, 8], "texture": "#0"},
				"down": {"uv": [3.5, 8, 3.25, 8.5], "texture": "#0"}
			}
		},
		{
			"from": [6, 26, 7.5],
			"to": [7, 29, 8.5],
			"faces": {
				"north": {"uv": [0.25, 0.25, 0.5, 1], "texture": "#0"},
				"east": {"uv": [0, 0.25, 0.25, 1], "texture": "#0"},
				"south": {"uv": [0.75, 0.25, 1, 1], "texture": "#0"},
				"west": {"uv": [0.5, 0.25, 0.75, 1], "texture": "#0"},
				"up": {"uv": [0.5, 0.25, 0.25, 0], "texture": "#0"},
				"down": {"uv": [0.75, 0, 0.5, 0.25], "texture": "#0"}
			}
		},
		{
			"from": [7, 21, 6.5],
			"to": [8, 27, 9.5],
			"faces": {
				"north": {"uv": [5.25, 0.75, 5.5, 2.25], "texture": "#0"},
				"east": {"uv": [4.5, 0.75, 5.25, 2.25], "texture": "#0"},
				"south": {"uv": [6.25, 0.75, 6.5, 2.25], "texture": "#0"},
				"west": {"uv": [5.5, 0.75, 6.25, 2.25], "texture": "#0"},
				"up": {"uv": [5.5, 0.75, 5.25, 0], "texture": "#0"},
				"down": {"uv": [5.75, 0, 5.5, 0.75], "texture": "#0"}
			}
		},
		{
			"from": [7, 18, 9],
			"to": [8, 20, 11],
			"faces": {
				"north": {"uv": [12.5, 6.5, 12.75, 7], "texture": "#0"},
				"east": {"uv": [12, 6.5, 12.5, 7], "texture": "#0"},
				"south": {"uv": [13.25, 6.5, 13.5, 7], "texture": "#0"},
				"west": {"uv": [12.75, 6.5, 13.25, 7], "texture": "#0"},
				"up": {"uv": [12.75, 6.5, 12.5, 6], "texture": "#0"},
				"down": {"uv": [13, 6, 12.75, 6.5], "texture": "#0"}
			}
		},
		{
			"from": [7, 17, 15],
			"to": [8, 20, 18],
			"faces": {
				"north": {"uv": [5.5, 8.75, 5.75, 9.5], "texture": "#0"},
				"east": {"uv": [4.75, 8.75, 5.5, 9.5], "texture": "#0"},
				"south": {"uv": [6.5, 8.75, 6.75, 9.5], "texture": "#0"},
				"west": {"uv": [5.75, 8.75, 6.5, 9.5], "texture": "#0"},
				"up": {"uv": [5.75, 8.75, 5.5, 8], "texture": "#0"},
				"down": {"uv": [6, 8, 5.75, 8.75], "texture": "#0"}
			}
		},
		{
			"from": [7, 20, 14],
			"to": [8, 25, 17],
			"faces": {
				"north": {"uv": [7.25, 5, 7.5, 6.25], "texture": "#0"},
				"east": {"uv": [6.5, 5, 7.25, 6.25], "texture": "#0"},
				"south": {"uv": [8.25, 5, 8.5, 6.25], "texture": "#0"},
				"west": {"uv": [7.5, 5, 8.25, 6.25], "texture": "#0"},
				"up": {"uv": [7.5, 5, 7.25, 4.25], "texture": "#0"},
				"down": {"uv": [7.75, 4.25, 7.5, 5], "texture": "#0"}
			}
		},
		{
			"from": [7, 25, 14],
			"to": [8, 28, 16],
			"faces": {
				"north": {"uv": [10.25, 11.5, 10.5, 12.25], "texture": "#0"},
				"east": {"uv": [9.75, 11.5, 10.25, 12.25], "texture": "#0"},
				"south": {"uv": [11, 11.5, 11.25, 12.25], "texture": "#0"},
				"west": {"uv": [10.5, 11.5, 11, 12.25], "texture": "#0"},
				"up": {"uv": [10.5, 11.5, 10.25, 11], "texture": "#0"},
				"down": {"uv": [10.75, 11, 10.5, 11.5], "texture": "#0"}
			}
		},
		{
			"from": [7, 28, 14],
			"to": [8, 29, 15],
			"faces": {
				"north": {"uv": [6, 0.25, 6.25, 0.5], "texture": "#0"},
				"east": {"uv": [5.75, 0.25, 6, 0.5], "texture": "#0"},
				"south": {"uv": [6.5, 0.25, 6.75, 0.5], "texture": "#0"},
				"west": {"uv": [6.25, 0.25, 6.5, 0.5], "texture": "#0"},
				"up": {"uv": [6.25, 0.25, 6, 0], "texture": "#0"},
				"down": {"uv": [6.5, 0, 6.25, 0.25], "texture": "#0"}
			}
		},
		{
			"from": [7, 28, 1],
			"to": [8, 29, 2],
			"faces": {
				"north": {"uv": [3.25, 3.75, 3.5, 4], "texture": "#0"},
				"east": {"uv": [3, 3.75, 3.25, 4], "texture": "#0"},
				"south": {"uv": [3.75, 3.75, 4, 4], "texture": "#0"},
				"west": {"uv": [3.5, 3.75, 3.75, 4], "texture": "#0"},
				"up": {"uv": [3.5, 3.75, 3.25, 3.5], "texture": "#0"},
				"down": {"uv": [3.75, 3.5, 3.5, 3.75], "texture": "#0"}
			}
		},
		{
			"from": [7, 25, 0],
			"to": [8, 28, 2],
			"faces": {
				"north": {"uv": [10.5, 2.75, 10.75, 3.5], "texture": "#0"},
				"east": {"uv": [10, 2.75, 10.5, 3.5], "texture": "#0"},
				"south": {"uv": [11.25, 2.75, 11.5, 3.5], "texture": "#0"},
				"west": {"uv": [10.75, 2.75, 11.25, 3.5], "texture": "#0"},
				"up": {"uv": [10.75, 2.75, 10.5, 2.25], "texture": "#0"},
				"down": {"uv": [11, 2.25, 10.75, 2.75], "texture": "#0"}
			}
		},
		{
			"from": [7, 20, -1],
			"to": [8, 25, 2],
			"faces": {
				"north": {"uv": [4.75, 5, 5, 6.25], "texture": "#0"},
				"east": {"uv": [4, 5, 4.75, 6.25], "texture": "#0"},
				"south": {"uv": [5.75, 5, 6, 6.25], "texture": "#0"},
				"west": {"uv": [5, 5, 5.75, 6.25], "texture": "#0"},
				"up": {"uv": [5, 5, 4.75, 4.25], "texture": "#0"},
				"down": {"uv": [5.25, 4.25, 5, 5], "texture": "#0"}
			}
		},
		{
			"from": [7, 17, -2],
			"to": [8, 20, 1],
			"faces": {
				"north": {"uv": [0.75, 8.75, 1, 9.5], "texture": "#0"},
				"east": {"uv": [0, 8.75, 0.75, 9.5], "texture": "#0"},
				"south": {"uv": [1.75, 8.75, 2, 9.5], "texture": "#0"},
				"west": {"uv": [1, 8.75, 1.75, 9.5], "texture": "#0"},
				"up": {"uv": [1, 8.75, 0.75, 8], "texture": "#0"},
				"down": {"uv": [1.25, 8, 1, 8.75], "texture": "#0"}
			}
		},
		{
			"from": [7, 15, 9],
			"to": [8, 16, 17],
			"faces": {
				"north": {"uv": [10.5, 2, 10.75, 2.25], "texture": "#0"},
				"east": {"uv": [8.5, 2, 10.5, 2.25], "texture": "#0"},
				"south": {"uv": [12.75, 2, 13, 2.25], "texture": "#0"},
				"west": {"uv": [10.75, 2, 12.75, 2.25], "texture": "#0"},
				"up": {"uv": [10.75, 2, 10.5, 0], "texture": "#0"},
				"down": {"uv": [11, 0, 10.75, 2], "texture": "#0"}
			}
		},
		{
			"from": [6.5, 17, 1],
			"to": [8.5, 18, 2],
			"faces": {
				"north": {"uv": [1.75, 3.75, 2.25, 4], "texture": "#0"},
				"east": {"uv": [1.5, 3.75, 1.75, 4], "texture": "#0"},
				"south": {"uv": [2.5, 3.75, 3, 4], "texture": "#0"},
				"west": {"uv": [2.25, 3.75, 2.5, 4], "texture": "#0"},
				"up": {"uv": [2.25, 3.75, 1.75, 3.5], "texture": "#0"},
				"down": {"uv": [2.75, 3.5, 2.25, 3.75], "texture": "#0"}
			}
		},
		{
			"from": [6.5, 15, 6],
			"to": [8.5, 19, 10],
			"faces": {
				"north": {"uv": [1, 5.25, 1.5, 6.25], "texture": "#0"},
				"east": {"uv": [0, 5.25, 1, 6.25], "texture": "#0"},
				"south": {"uv": [2.5, 5.25, 3, 6.25], "texture": "#0"},
				"west": {"uv": [1.5, 5.25, 2.5, 6.25], "texture": "#0"},
				"up": {"uv": [1.5, 5.25, 1, 4.25], "texture": "#0"},
				"down": {"uv": [2, 4.25, 1.5, 5.25], "texture": "#0"}
			}
		},
		{
			"from": [6.5, 21, 1.5],
			"to": [8.5, 26, 2.5],
			"faces": {
				"north": {"uv": [10, 7.25, 10.5, 8.5], "texture": "#0"},
				"east": {"uv": [9.75, 7.25, 10, 8.5], "texture": "#0"},
				"south": {"uv": [10.75, 7.25, 11.25, 8.5], "texture": "#0"},
				"west": {"uv": [10.5, 7.25, 10.75, 8.5], "texture": "#0"},
				"up": {"uv": [10.5, 7.25, 10, 7], "texture": "#0"},
				"down": {"uv": [11, 7, 10.5, 7.25], "texture": "#0"}
			}
		},
		{
			"from": [6.5, 21, 13.5],
			"to": [8.5, 26, 14.5],
			"faces": {
				"north": {"uv": [9.25, 4, 9.75, 5.25], "texture": "#0"},
				"east": {"uv": [9, 4, 9.25, 5.25], "texture": "#0"},
				"south": {"uv": [10, 4, 10.5, 5.25], "texture": "#0"},
				"west": {"uv": [9.75, 4, 10, 5.25], "texture": "#0"},
				"up": {"uv": [9.75, 4, 9.25, 3.75], "texture": "#0"},
				"down": {"uv": [10.25, 3.75, 9.75, 4], "texture": "#0"}
			}
		},
		{
			"from": [7, 30, 7.5],
			"to": [8, 32, 8.5],
			"faces": {
				"north": {"uv": [0.25, 6.5, 0.5, 7], "texture": "#0"},
				"east": {"uv": [0, 6.5, 0.25, 7], "texture": "#0"},
				"south": {"uv": [0.75, 6.5, 1, 7], "texture": "#0"},
				"west": {"uv": [0.5, 6.5, 0.75, 7], "texture": "#0"},
				"up": {"uv": [0.5, 6.5, 0.25, 6.25], "texture": "#0"},
				"down": {"uv": [0.75, 6.25, 0.5, 6.5], "texture": "#0"}
			}
		},
		{
			"from": [8, 26, 7.5],
			"to": [9, 29, 8.5],
			"faces": {
				"north": {"uv": [0.25, 2.5, 0.5, 3.25], "texture": "#0"},
				"east": {"uv": [0, 2.5, 0.25, 3.25], "texture": "#0"},
				"south": {"uv": [0.75, 2.5, 1, 3.25], "texture": "#0"},
				"west": {"uv": [0.5, 2.5, 0.75, 3.25], "texture": "#0"},
				"up": {"uv": [0.5, 2.5, 0.25, 2.25], "texture": "#0"},
				"down": {"uv": [0.75, 2.25, 0.5, 2.5], "texture": "#0"}
			}
		},
		{
			"from": [6, 18, 5],
			"to": [7, 19, 7],
			"faces": {
				"north": {"uv": [6.5, 3.25, 6.75, 3.5], "texture": "#0"},
				"east": {"uv": [6, 3.25, 6.5, 3.5], "texture": "#0"},
				"south": {"uv": [7.25, 3.25, 7.5, 3.5], "texture": "#0"},
				"west": {"uv": [6.75, 3.25, 7.25, 3.5], "texture": "#0"},
				"up": {"uv": [6.75, 3.25, 6.5, 2.75], "texture": "#0"},
				"down": {"uv": [7, 2.75, 6.75, 3.25], "texture": "#0"}
			}
		},
		{
			"from": [6, 17, 4],
			"to": [7, 18, 6],
			"faces": {
				"north": {"uv": [2, 6.75, 2.25, 7], "texture": "#0"},
				"east": {"uv": [1.5, 6.75, 2, 7], "texture": "#0"},
				"south": {"uv": [2.75, 6.75, 3, 7], "texture": "#0"},
				"west": {"uv": [2.25, 6.75, 2.75, 7], "texture": "#0"},
				"up": {"uv": [2.25, 6.75, 2, 6.25], "texture": "#0"},
				"down": {"uv": [2.5, 6.25, 2.25, 6.75], "texture": "#0"}
			}
		},
		{
			"from": [6, -11, 6.5],
			"to": [9, 14, 9.5],
			"faces": {
				"north": {"uv": [7.5, 8, 8.25, 14.25], "texture": "#0"},
				"east": {"uv": [6.75, 8, 7.5, 14.25], "texture": "#0"},
				"south": {"uv": [9, 8, 9.75, 14.25], "texture": "#0"},
				"west": {"uv": [8.25, 8, 9, 14.25], "texture": "#0"},
				"up": {"uv": [8.25, 8, 7.5, 7.25], "texture": "#0"},
				"down": {"uv": [9, 7.25, 8.25, 8], "texture": "#0"}
			}
		},
		{
			"from": [7, 14, 0],
			"to": [8, 15, 16],
			"faces": {
				"north": {"uv": [4, 4, 4.25, 4.25], "texture": "#0"},
				"east": {"uv": [0, 4, 4, 4.25], "texture": "#0"},
				"south": {"uv": [8.25, 4, 8.5, 4.25], "texture": "#0"},
				"west": {"uv": [4.25, 4, 8.25, 4.25], "texture": "#0"},
				"up": {"uv": [4.25, 4, 4, 0], "texture": "#0"},
				"down": {"uv": [4.5, 0, 4.25, 4], "texture": "#0"}
			}
		},
		{
			"from": [7, 13, 2],
			"to": [8, 14, 14],
			"faces": {
				"north": {"uv": [8.5, 6.75, 8.75, 7], "texture": "#0"},
				"east": {"uv": [5.5, 6.75, 8.5, 7], "texture": "#0"},
				"south": {"uv": [11.75, 6.75, 12, 7], "texture": "#0"},
				"west": {"uv": [8.75, 6.75, 11.75, 7], "texture": "#0"},
				"up": {"uv": [8.75, 6.75, 8.5, 3.75], "texture": "#0"},
				"down": {"uv": [9, 3.75, 8.75, 6.75], "texture": "#0"}
			}
		},
		{
			"from": [8, 14, 1],
			"to": [9, 15, 15],
			"faces": {
				"north": {"uv": [8, 3.5, 8.25, 3.75], "texture": "#0"},
				"east": {"uv": [4.5, 3.5, 8, 3.75], "texture": "#0"},
				"south": {"uv": [11.75, 3.5, 12, 3.75], "texture": "#0"},
				"west": {"uv": [8.25, 3.5, 11.75, 3.75], "texture": "#0"},
				"up": {"uv": [8.25, 3.5, 8, 0], "texture": "#0"},
				"down": {"uv": [8.5, 0, 8.25, 3.5], "texture": "#0"}
			}
		},
		{
			"from": [8, 15, 9],
			"to": [9, 16, 16],
			"faces": {
				"north": {"uv": [13.25, 3.75, 13.5, 4], "texture": "#0"},
				"east": {"uv": [11.5, 3.75, 13.25, 4], "texture": "#0"},
				"south": {"uv": [15.25, 3.75, 15.5, 4], "texture": "#0"},
				"west": {"uv": [13.5, 3.75, 15.25, 4], "texture": "#0"},
				"up": {"uv": [13.5, 3.75, 13.25, 2], "texture": "#0"},
				"down": {"uv": [13.75, 2, 13.5, 3.75], "texture": "#0"}
			}
		},
		{
			"from": [8, 15, 0],
			"to": [9, 16, 7],
			"faces": {
				"north": {"uv": [11.5, 12.75, 11.75, 13], "texture": "#0"},
				"east": {"uv": [9.75, 12.75, 11.5, 13], "texture": "#0"},
				"south": {"uv": [13.5, 12.75, 13.75, 13], "texture": "#0"},
				"west": {"uv": [11.75, 12.75, 13.5, 13], "texture": "#0"},
				"up": {"uv": [11.75, 12.75, 11.5, 11], "texture": "#0"},
				"down": {"uv": [12, 11, 11.75, 12.75], "texture": "#0"}
			}
		},
		{
			"from": [8, 16, -1],
			"to": [9, 17, 6],
			"faces": {
				"north": {"uv": [12.75, 1.75, 13, 2], "texture": "#0"},
				"east": {"uv": [11, 1.75, 12.75, 2], "texture": "#0"},
				"south": {"uv": [14.75, 1.75, 15, 2], "texture": "#0"},
				"west": {"uv": [13, 1.75, 14.75, 2], "texture": "#0"},
				"up": {"uv": [13, 1.75, 12.75, 0], "texture": "#0"},
				"down": {"uv": [13.25, 0, 13, 1.75], "texture": "#0"}
			}
		},
		{
			"from": [8, 17, 4],
			"to": [9, 18, 6],
			"faces": {
				"north": {"uv": [5.5, 12.5, 5.75, 12.75], "texture": "#0"},
				"east": {"uv": [5, 12.5, 5.5, 12.75], "texture": "#0"},
				"south": {"uv": [6.25, 12.5, 6.5, 12.75], "texture": "#0"},
				"west": {"uv": [5.75, 12.5, 6.25, 12.75], "texture": "#0"},
				"up": {"uv": [5.75, 12.5, 5.5, 12], "texture": "#0"},
				"down": {"uv": [6, 12, 5.75, 12.5], "texture": "#0"}
			}
		},
		{
			"from": [8, 18, 5],
			"to": [9, 19, 7],
			"faces": {
				"north": {"uv": [4, 12.5, 4.25, 12.75], "texture": "#0"},
				"east": {"uv": [3.5, 12.5, 4, 12.75], "texture": "#0"},
				"south": {"uv": [4.75, 12.5, 5, 12.75], "texture": "#0"},
				"west": {"uv": [4.25, 12.5, 4.75, 12.75], "texture": "#0"},
				"up": {"uv": [4.25, 12.5, 4, 12], "texture": "#0"},
				"down": {"uv": [4.5, 12, 4.25, 12.5], "texture": "#0"}
			}
		},
		{
			"from": [8, 18, 9],
			"to": [9, 19, 11],
			"faces": {
				"north": {"uv": [12, 2.75, 12.25, 3], "texture": "#0"},
				"east": {"uv": [11.5, 2.75, 12, 3], "texture": "#0"},
				"south": {"uv": [12.75, 2.75, 13, 3], "texture": "#0"},
				"west": {"uv": [12.25, 2.75, 12.75, 3], "texture": "#0"},
				"up": {"uv": [12.25, 2.75, 12, 2.25], "texture": "#0"},
				"down": {"uv": [12.5, 2.25, 12.25, 2.75], "texture": "#0"}
			}
		},
		{
			"from": [8, 17, 10],
			"to": [9, 18, 12],
			"faces": {
				"north": {"uv": [11, 6.5, 11.25, 6.75], "texture": "#0"},
				"east": {"uv": [10.5, 6.5, 11, 6.75], "texture": "#0"},
				"south": {"uv": [11.75, 6.5, 12, 6.75], "texture": "#0"},
				"west": {"uv": [11.25, 6.5, 11.75, 6.75], "texture": "#0"},
				"up": {"uv": [11.25, 6.5, 11, 6], "texture": "#0"},
				"down": {"uv": [11.5, 6, 11.25, 6.5], "texture": "#0"}
			}
		},
		{
			"from": [8, 19, 6],
			"to": [9, 21, 10],
			"faces": {
				"north": {"uv": [1, 7.25, 1.25, 7.75], "texture": "#0"},
				"east": {"uv": [0, 7.25, 1, 7.75], "texture": "#0"},
				"south": {"uv": [2.25, 7.25, 2.5, 7.75], "texture": "#0"},
				"west": {"uv": [1.25, 7.25, 2.25, 7.75], "texture": "#0"},
				"up": {"uv": [1.25, 7.25, 1, 6.25], "texture": "#0"},
				"down": {"uv": [1.5, 6.25, 1.25, 7.25], "texture": "#0"}
			}
		},
		{
			"from": [8, 16, 10],
			"to": [9, 17, 17],
			"faces": {
				"north": {"uv": [1.75, 12, 2, 12.25], "texture": "#0"},
				"east": {"uv": [0, 12, 1.75, 12.25], "texture": "#0"},
				"south": {"uv": [3.75, 12, 4, 12.25], "texture": "#0"},
				"west": {"uv": [2, 12, 3.75, 12.25], "texture": "#0"},
				"up": {"uv": [2, 12, 1.75, 10.25], "texture": "#0"},
				"down": {"uv": [2.25, 10.25, 2, 12], "texture": "#0"}
			}
		},
		{
			"from": [8, 17, 15],
			"to": [9, 20, 17],
			"faces": {
				"north": {"uv": [9, 2.75, 9.25, 3.5], "texture": "#0"},
				"east": {"uv": [8.5, 2.75, 9, 3.5], "texture": "#0"},
				"south": {"uv": [9.75, 2.75, 10, 3.5], "texture": "#0"},
				"west": {"uv": [9.25, 2.75, 9.75, 3.5], "texture": "#0"},
				"up": {"uv": [9.25, 2.75, 9, 2.25], "texture": "#0"},
				"down": {"uv": [9.5, 2.25, 9.25, 2.75], "texture": "#0"}
			}
		},
		{
			"from": [8, 20, 14],
			"to": [9, 24, 16],
			"faces": {
				"north": {"uv": [2.75, 10.75, 3, 11.75], "texture": "#0"},
				"east": {"uv": [2.25, 10.75, 2.75, 11.75], "texture": "#0"},
				"south": {"uv": [3.5, 10.75, 3.75, 11.75], "texture": "#0"},
				"west": {"uv": [3, 10.75, 3.5, 11.75], "texture": "#0"},
				"up": {"uv": [3, 10.75, 2.75, 10.25], "texture": "#0"},
				"down": {"uv": [3.25, 10.25, 3, 10.75], "texture": "#0"}
			}
		},
		{
			"from": [8, 24, 14],
			"to": [9, 27, 15],
			"faces": {
				"north": {"uv": [2.25, 4.5, 2.5, 5.25], "texture": "#0"},
				"east": {"uv": [2, 4.5, 2.25, 5.25], "texture": "#0"},
				"south": {"uv": [2.75, 4.5, 3, 5.25], "texture": "#0"},
				"west": {"uv": [2.5, 4.5, 2.75, 5.25], "texture": "#0"},
				"up": {"uv": [2.5, 4.5, 2.25, 4.25], "texture": "#0"},
				"down": {"uv": [2.75, 4.25, 2.5, 4.5], "texture": "#0"}
			}
		},
		{
			"from": [8, 17, -1],
			"to": [9, 20, 1],
			"faces": {
				"north": {"uv": [4.5, 7, 4.75, 7.75], "texture": "#0"},
				"east": {"uv": [4, 7, 4.5, 7.75], "texture": "#0"},
				"south": {"uv": [5.25, 7, 5.5, 7.75], "texture": "#0"},
				"west": {"uv": [4.75, 7, 5.25, 7.75], "texture": "#0"},
				"up": {"uv": [4.75, 7, 4.5, 6.5], "texture": "#0"},
				"down": {"uv": [5, 6.5, 4.75, 7], "texture": "#0"}
			}
		},
		{
			"from": [8, 20, 0],
			"to": [9, 24, 2],
			"faces": {
				"north": {"uv": [0.5, 10.75, 0.75, 11.75], "texture": "#0"},
				"east": {"uv": [0, 10.75, 0.5, 11.75], "texture": "#0"},
				"south": {"uv": [1.25, 10.75, 1.5, 11.75], "texture": "#0"},
				"west": {"uv": [0.75, 10.75, 1.25, 11.75], "texture": "#0"},
				"up": {"uv": [0.75, 10.75, 0.5, 10.25], "texture": "#0"},
				"down": {"uv": [1, 10.25, 0.75, 10.75], "texture": "#0"}
			}
		},
		{
			"from": [8, 24, 1],
			"to": [9, 27, 2],
			"faces": {
				"north": {"uv": [0.25, 4.5, 0.5, 5.25], "texture": "#0"},
				"east": {"uv": [0, 4.5, 0.25, 5.25], "texture": "#0"},
				"south": {"uv": [0.75, 4.5, 1, 5.25], "texture": "#0"},
				"west": {"uv": [0.5, 4.5, 0.75, 5.25], "texture": "#0"},
				"up": {"uv": [0.5, 4.5, 0.25, 4.25], "texture": "#0"},
				"down": {"uv": [0.75, 4.25, 0.5, 4.5], "texture": "#0"}
			}
		},
		{
			"from": [6, 14, 1],
			"to": [7, 15, 15],
			"faces": {
				"north": {"uv": [3.5, 7.75, 3.75, 8], "texture": "#0"},
				"east": {"uv": [0, 7.75, 3.5, 8], "texture": "#0"},
				"south": {"uv": [7.25, 7.75, 7.5, 8], "texture": "#0"},
				"west": {"uv": [3.75, 7.75, 7.25, 8], "texture": "#0"},
				"up": {"uv": [3.75, 7.75, 3.5, 4.25], "texture": "#0"},
				"down": {"uv": [4, 4.25, 3.75, 7.75], "texture": "#0"}
			}
		},
		{
			"from": [6, 15, 0],
			"to": [7, 16, 7],
			"faces": {
				"north": {"uv": [4.25, 9.75, 4.5, 10], "texture": "#0"},
				"east": {"uv": [2.5, 9.75, 4.25, 10], "texture": "#0"},
				"south": {"uv": [6.25, 9.75, 6.5, 10], "texture": "#0"},
				"west": {"uv": [4.5, 9.75, 6.25, 10], "texture": "#0"},
				"up": {"uv": [4.5, 9.75, 4.25, 8], "texture": "#0"},
				"down": {"uv": [4.75, 8, 4.5, 9.75], "texture": "#0"}
			}
		},
		{
			"from": [6, 16, -1],
			"to": [7, 17, 6],
			"faces": {
				"north": {"uv": [11.5, 8.75, 11.75, 9], "texture": "#0"},
				"east": {"uv": [9.75, 8.75, 11.5, 9], "texture": "#0"},
				"south": {"uv": [13.5, 8.75, 13.75, 9], "texture": "#0"},
				"west": {"uv": [11.75, 8.75, 13.5, 9], "texture": "#0"},
				"up": {"uv": [11.75, 8.75, 11.5, 7], "texture": "#0"},
				"down": {"uv": [12, 7, 11.75, 8.75], "texture": "#0"}
			}
		},
		{
			"from": [6, 15, 9],
			"to": [7, 16, 16],
			"faces": {
				"north": {"uv": [11.5, 10.75, 11.75, 11], "texture": "#0"},
				"east": {"uv": [9.75, 10.75, 11.5, 11], "texture": "#0"},
				"south": {"uv": [13.5, 10.75, 13.75, 11], "texture": "#0"},
				"west": {"uv": [11.75, 10.75, 13.5, 11], "texture": "#0"},
				"up": {"uv": [11.75, 10.75, 11.5, 9], "texture": "#0"},
				"down": {"uv": [12, 9, 11.75, 10.75], "texture": "#0"}
			}
		},
		{
			"from": [6, 16, 10],
			"to": [7, 17, 17],
			"faces": {
				"north": {"uv": [4.5, 11.75, 4.75, 12], "texture": "#0"},
				"east": {"uv": [2.75, 11.75, 4.5, 12], "texture": "#0"},
				"south": {"uv": [6.5, 11.75, 6.75, 12], "texture": "#0"},
				"west": {"uv": [4.75, 11.75, 6.5, 12], "texture": "#0"},
				"up": {"uv": [4.75, 11.75, 4.5, 10], "texture": "#0"},
				"down": {"uv": [5, 10, 4.75, 11.75], "texture": "#0"}
			}
		},
		{
			"from": [6, 17, 15],
			"to": [7, 20, 17],
			"faces": {
				"north": {"uv": [5, 2.75, 5.25, 3.5], "texture": "#0"},
				"east": {"uv": [4.5, 2.75, 5, 3.5], "texture": "#0"},
				"south": {"uv": [5.75, 2.75, 6, 3.5], "texture": "#0"},
				"west": {"uv": [5.25, 2.75, 5.75, 3.5], "texture": "#0"},
				"up": {"uv": [5.25, 2.75, 5, 2.25], "texture": "#0"},
				"down": {"uv": [5.5, 2.25, 5.25, 2.75], "texture": "#0"}
			}
		},
		{
			"from": [6, 20, 14],
			"to": [7, 24, 16],
			"faces": {
				"north": {"uv": [10.25, 9.5, 10.5, 10.5], "texture": "#0"},
				"east": {"uv": [9.75, 9.5, 10.25, 10.5], "texture": "#0"},
				"south": {"uv": [11, 9.5, 11.25, 10.5], "texture": "#0"},
				"west": {"uv": [10.5, 9.5, 11, 10.5], "texture": "#0"},
				"up": {"uv": [10.5, 9.5, 10.25, 9], "texture": "#0"},
				"down": {"uv": [10.75, 9, 10.5, 9.5], "texture": "#0"}
			}
		},
		{
			"from": [6, 24, 14],
			"to": [7, 27, 15],
			"faces": {
				"north": {"uv": [3.25, 0.25, 3.5, 1], "texture": "#0"},
				"east": {"uv": [3, 0.25, 3.25, 1], "texture": "#0"},
				"south": {"uv": [3.75, 0.25, 4, 1], "texture": "#0"},
				"west": {"uv": [3.5, 0.25, 3.75, 1], "texture": "#0"},
				"up": {"uv": [3.5, 0.25, 3.25, 0], "texture": "#0"},
				"down": {"uv": [3.75, 0, 3.5, 0.25], "texture": "#0"}
			}
		},
		{
			"from": [6, 20, 0],
			"to": [7, 24, 2],
			"faces": {
				"north": {"uv": [5.5, 10.5, 5.75, 11.5], "texture": "#0"},
				"east": {"uv": [5, 10.5, 5.5, 11.5], "texture": "#0"},
				"south": {"uv": [6.25, 10.5, 6.5, 11.5], "texture": "#0"},
				"west": {"uv": [5.75, 10.5, 6.25, 11.5], "texture": "#0"},
				"up": {"uv": [5.75, 10.5, 5.5, 10], "texture": "#0"},
				"down": {"uv": [6, 10, 5.75, 10.5], "texture": "#0"}
			}
		},
		{
			"from": [6, 17, -1],
			"to": [7, 20, 1],
			"faces": {
				"north": {"uv": [7, 0.5, 7.25, 1.25], "texture": "#0"},
				"east": {"uv": [6.5, 0.5, 7, 1.25], "texture": "#0"},
				"south": {"uv": [7.75, 0.5, 8, 1.25], "texture": "#0"},
				"west": {"uv": [7.25, 0.5, 7.75, 1.25], "texture": "#0"},
				"up": {"uv": [7.25, 0.5, 7, 0], "texture": "#0"},
				"down": {"uv": [7.5, 0, 7.25, 0.5], "texture": "#0"}
			}
		},
		{
			"from": [6, 24, 1],
			"to": [7, 27, 2],
			"faces": {
				"north": {"uv": [3.25, 2.5, 3.5, 3.25], "texture": "#0"},
				"east": {"uv": [3, 2.5, 3.25, 3.25], "texture": "#0"},
				"south": {"uv": [3.75, 2.5, 4, 3.25], "texture": "#0"},
				"west": {"uv": [3.5, 2.5, 3.75, 3.25], "texture": "#0"},
				"up": {"uv": [3.5, 2.5, 3.25, 2.25], "texture": "#0"},
				"down": {"uv": [3.75, 2.25, 3.5, 2.5], "texture": "#0"}
			}
		},
		{
			"from": [7, 15, -1],
			"to": [8, 16, 7],
			"faces": {
				"north": {"uv": [11, 5.75, 11.25, 6], "texture": "#0"},
				"east": {"uv": [9, 5.75, 11, 6], "texture": "#0"},
				"south": {"uv": [13.25, 5.75, 13.5, 6], "texture": "#0"},
				"west": {"uv": [11.25, 5.75, 13.25, 6], "texture": "#0"},
				"up": {"uv": [11.25, 5.75, 11, 3.75], "texture": "#0"},
				"down": {"uv": [11.5, 3.75, 11.25, 5.75], "texture": "#0"}
			}
		},
		{
			"from": [7, 16, -2],
			"to": [8, 17, 6],
			"faces": {
				"north": {"uv": [2, 10, 2.25, 10.25], "texture": "#0"},
				"east": {"uv": [0, 10, 2, 10.25], "texture": "#0"},
				"south": {"uv": [4.25, 10, 4.5, 10.25], "texture": "#0"},
				"west": {"uv": [2.25, 10, 4.25, 10.25], "texture": "#0"},
				"up": {"uv": [2.25, 10, 2, 8], "texture": "#0"},
				"down": {"uv": [2.5, 8, 2.25, 10], "texture": "#0"}
			}
		},
		{
			"from": [7, 16, 10],
			"to": [8, 17, 18],
			"faces": {
				"north": {"uv": [6, 6.25, 6.25, 6.5], "texture": "#0"},
				"east": {"uv": [4, 6.25, 6, 6.5], "texture": "#0"},
				"south": {"uv": [8.25, 6.25, 8.5, 6.5], "texture": "#0"},
				"west": {"uv": [6.25, 6.25, 8.25, 6.5], "texture": "#0"},
				"up": {"uv": [6.25, 6.25, 6, 4.25], "texture": "#0"},
				"down": {"uv": [6.5, 4.25, 6.25, 6.25], "texture": "#0"}
			}
		},
		{
			"from": [7, 17, 10],
			"to": [8, 19, 12],
			"faces": {
				"north": {"uv": [12.5, 9.5, 12.75, 10], "texture": "#0"},
				"east": {"uv": [12, 9.5, 12.5, 10], "texture": "#0"},
				"south": {"uv": [13.25, 9.5, 13.5, 10], "texture": "#0"},
				"west": {"uv": [12.75, 9.5, 13.25, 10], "texture": "#0"},
				"up": {"uv": [12.75, 9.5, 12.5, 9], "texture": "#0"},
				"down": {"uv": [13, 9, 12.75, 9.5], "texture": "#0"}
			}
		},
		{
			"from": [7, 17, 4],
			"to": [8, 19, 6],
			"faces": {
				"north": {"uv": [12.5, 8, 12.75, 8.5], "texture": "#0"},
				"east": {"uv": [12, 8, 12.5, 8.5], "texture": "#0"},
				"south": {"uv": [13.25, 8, 13.5, 8.5], "texture": "#0"},
				"west": {"uv": [12.75, 8, 13.25, 8.5], "texture": "#0"},
				"up": {"uv": [12.75, 8, 12.5, 7.5], "texture": "#0"},
				"down": {"uv": [13, 7.5, 12.75, 8], "texture": "#0"}
			}
		},
		{
			"from": [7, 18, 5],
			"to": [8, 20, 7],
			"faces": {
				"north": {"uv": [12.5, 7.25, 12.75, 7.75], "texture": "#0"},
				"east": {"uv": [12, 7.25, 12.5, 7.75], "texture": "#0"},
				"south": {"uv": [13.25, 7.25, 13.5, 7.75], "texture": "#0"},
				"west": {"uv": [12.75, 7.25, 13.25, 7.75], "texture": "#0"},
				"up": {"uv": [12.75, 7.25, 12.5, 6.75], "texture": "#0"},
				"down": {"uv": [13, 6.75, 12.75, 7.25], "texture": "#0"}
			}
		},
		{
			"from": [7, 19, 6],
			"to": [8, 21, 10],
			"faces": {
				"north": {"uv": [12.5, 5, 12.75, 5.5], "texture": "#0"},
				"east": {"uv": [11.5, 5, 12.5, 5.5], "texture": "#0"},
				"south": {"uv": [13.75, 5, 14, 5.5], "texture": "#0"},
				"west": {"uv": [12.75, 5, 13.75, 5.5], "texture": "#0"},
				"up": {"uv": [12.75, 5, 12.5, 4], "texture": "#0"},
				"down": {"uv": [13, 4, 12.75, 5], "texture": "#0"}
			}
		},
		{
			"from": [8, 21, 7],
			"to": [9, 26, 9],
			"faces": {
				"north": {"uv": [9, 0.5, 9.25, 1.75], "texture": "#0"},
				"east": {"uv": [8.5, 0.5, 9, 1.75], "texture": "#0"},
				"south": {"uv": [9.75, 0.5, 10, 1.75], "texture": "#0"},
				"west": {"uv": [9.25, 0.5, 9.75, 1.75], "texture": "#0"},
				"up": {"uv": [9.25, 0.5, 9, 0], "texture": "#0"},
				"down": {"uv": [9.5, 0, 9.25, 0.5], "texture": "#0"}
			}
		},
		{
			"from": [7, 27, 7],
			"to": [8, 30, 9],
			"faces": {
				"north": {"uv": [11.5, 0.5, 11.75, 1.25], "texture": "#0"},
				"east": {"uv": [11, 0.5, 11.5, 1.25], "texture": "#0"},
				"south": {"uv": [12.25, 0.5, 12.5, 1.25], "texture": "#0"},
				"west": {"uv": [11.75, 0.5, 12.25, 1.25], "texture": "#0"},
				"up": {"uv": [11.75, 0.5, 11.5, 0], "texture": "#0"},
				"down": {"uv": [12, 0, 11.75, 0.5], "texture": "#0"}
			}
		},
		{
			"from": [5.5, -10, 6],
			"to": [9.5, -9, 10],
			"faces": {
				"north": {"uv": [1, 3.25, 2, 3.5], "texture": "#0"},
				"east": {"uv": [0, 3.25, 1, 3.5], "texture": "#0"},
				"south": {"uv": [3, 3.25, 4, 3.5], "texture": "#0"},
				"west": {"uv": [2, 3.25, 3, 3.5], "texture": "#0"},
				"up": {"uv": [2, 3.25, 1, 2.25], "texture": "#0"},
				"down": {"uv": [3, 2.25, 2, 3.25], "texture": "#0"}
			}
		},
		{
			"from": [5.5, -16, 6],
			"to": [9.5, -11, 10],
			"faces": {
				"north": {"uv": [1, 1, 2, 2.25], "texture": "#0"},
				"east": {"uv": [0, 1, 1, 2.25], "texture": "#0"},
				"south": {"uv": [3, 1, 4, 2.25], "texture": "#0"},
				"west": {"uv": [2, 1, 3, 2.25], "texture": "#0"},
				"up": {"uv": [2, 1, 1, 0], "texture": "#0"},
				"down": {"uv": [3, 0, 2, 1], "texture": "#0"}
			}
		},
		{
			"from": [9.5, 9, 9],
			"to": [9.5, 10, 10],
			"faces": {
				"north": {"uv": [5.75, 6.5, 5.75, 6.75], "texture": "#0"},
				"east": {"uv": [5.5, 6.5, 5.75, 6.75], "texture": "#0"},
				"south": {"uv": [6, 6.5, 6, 6.75], "texture": "#0"},
				"west": {"uv": [5.75, 6.5, 6, 6.75], "texture": "#0"},
				"up": {"uv": [5.75, 6.5, 5.75, 6.25], "texture": "#0"},
				"down": {"uv": [5.75, 6.25, 5.75, 6.5], "texture": "#0"}
			}
		},
		{
			"from": [5.5, 7, 6],
			"to": [6.5, 8, 6],
			"faces": {
				"north": {"uv": [7.5, 1.75, 7.75, 2], "texture": "#0"},
				"east": {"uv": [7.5, 1.75, 7.5, 2], "texture": "#0"},
				"south": {"uv": [7.75, 1.75, 8, 2], "texture": "#0"},
				"west": {"uv": [7.75, 1.75, 7.75, 2], "texture": "#0"},
				"up": {"uv": [7.75, 1.75, 7.5, 1.75], "texture": "#0"},
				"down": {"uv": [8, 1.75, 7.75, 1.75], "texture": "#0"}
			}
		},
		{
			"from": [6.5, 8, 6],
			"to": [7.5, 9, 6],
			"faces": {
				"north": {"uv": [7.5, 1.5, 7.75, 1.75], "texture": "#0"},
				"east": {"uv": [7.5, 1.5, 7.5, 1.75], "texture": "#0"},
				"south": {"uv": [7.75, 1.5, 8, 1.75], "texture": "#0"},
				"west": {"uv": [7.75, 1.5, 7.75, 1.75], "texture": "#0"},
				"up": {"uv": [7.75, 1.5, 7.5, 1.5], "texture": "#0"},
				"down": {"uv": [8, 1.5, 7.75, 1.5], "texture": "#0"}
			}
		},
		{
			"from": [7.5, 7, 6],
			"to": [8.5, 8, 6],
			"faces": {
				"north": {"uv": [3, 7.25, 3.25, 7.5], "texture": "#0"},
				"east": {"uv": [3, 7.25, 3, 7.5], "texture": "#0"},
				"south": {"uv": [3.25, 7.25, 3.5, 7.5], "texture": "#0"},
				"west": {"uv": [3.25, 7.25, 3.25, 7.5], "texture": "#0"},
				"up": {"uv": [3.25, 7.25, 3, 7.25], "texture": "#0"},
				"down": {"uv": [3.5, 7.25, 3.25, 7.25], "texture": "#0"}
			}
		},
		{
			"from": [8.5, 6, 6],
			"to": [9.5, 7, 6],
			"faces": {
				"north": {"uv": [2.5, 7.25, 2.75, 7.5], "texture": "#0"},
				"east": {"uv": [2.5, 7.25, 2.5, 7.5], "texture": "#0"},
				"south": {"uv": [2.75, 7.25, 3, 7.5], "texture": "#0"},
				"west": {"uv": [2.75, 7.25, 2.75, 7.5], "texture": "#0"},
				"up": {"uv": [2.75, 7.25, 2.5, 7.25], "texture": "#0"},
				"down": {"uv": [3, 7.25, 2.75, 7.25], "texture": "#0"}
			}
		},
		{
			"from": [8.5, 5, 6],
			"to": [9.5, 6, 6],
			"faces": {
				"north": {"uv": [7, 7, 7.25, 7.25], "texture": "#0"},
				"east": {"uv": [7, 7, 7, 7.25], "texture": "#0"},
				"south": {"uv": [7.25, 7, 7.5, 7.25], "texture": "#0"},
				"west": {"uv": [7.25, 7, 7.25, 7.25], "texture": "#0"},
				"up": {"uv": [7.25, 7, 7, 7], "texture": "#0"},
				"down": {"uv": [7.5, 7, 7.25, 7], "texture": "#0"}
			}
		},
		{
			"from": [8.5, 4, 6],
			"to": [9.5, 5, 6],
			"faces": {
				"north": {"uv": [6.5, 7, 6.75, 7.25], "texture": "#0"},
				"east": {"uv": [6.5, 7, 6.5, 7.25], "texture": "#0"},
				"south": {"uv": [6.75, 7, 7, 7.25], "texture": "#0"},
				"west": {"uv": [6.75, 7, 6.75, 7.25], "texture": "#0"},
				"up": {"uv": [6.75, 7, 6.5, 7], "texture": "#0"},
				"down": {"uv": [7, 7, 6.75, 7], "texture": "#0"}
			}
		},
		{
			"from": [7.5, 3, 6],
			"to": [8.5, 4, 6],
			"faces": {
				"north": {"uv": [7, 6.5, 7.25, 6.75], "texture": "#0"},
				"east": {"uv": [7, 6.5, 7, 6.75], "texture": "#0"},
				"south": {"uv": [7.25, 6.5, 7.5, 6.75], "texture": "#0"},
				"west": {"uv": [7.25, 6.5, 7.25, 6.75], "texture": "#0"},
				"up": {"uv": [7.25, 6.5, 7, 6.5], "texture": "#0"},
				"down": {"uv": [7.5, 6.5, 7.25, 6.5], "texture": "#0"}
			}
		},
		{
			"from": [6.5, 1, 6],
			"to": [7.5, 2, 6],
			"faces": {
				"north": {"uv": [7, 3.75, 7.25, 4], "texture": "#0"},
				"east": {"uv": [7, 3.75, 7, 4], "texture": "#0"},
				"south": {"uv": [7.25, 3.75, 7.5, 4], "texture": "#0"},
				"west": {"uv": [7.25, 3.75, 7.25, 4], "texture": "#0"},
				"up": {"uv": [7.25, 3.75, 7, 3.75], "texture": "#0"},
				"down": {"uv": [7.5, 3.75, 7.25, 3.75], "texture": "#0"}
			}
		},
		{
			"from": [5.5, 0, 6],
			"to": [6.5, 1, 6],
			"faces": {
				"north": {"uv": [7, 2.75, 7.25, 3], "texture": "#0"},
				"east": {"uv": [7, 2.75, 7, 3], "texture": "#0"},
				"south": {"uv": [7.25, 2.75, 7.5, 3], "texture": "#0"},
				"west": {"uv": [7.25, 2.75, 7.25, 3], "texture": "#0"},
				"up": {"uv": [7.25, 2.75, 7, 2.75], "texture": "#0"},
				"down": {"uv": [7.5, 2.75, 7.25, 2.75], "texture": "#0"}
			}
		},
		{
			"from": [5.5, -3, 6],
			"to": [6.5, -2, 6],
			"faces": {
				"north": {"uv": [2.5, 7, 2.75, 7.25], "texture": "#0"},
				"east": {"uv": [2.5, 7, 2.5, 7.25], "texture": "#0"},
				"south": {"uv": [2.75, 7, 3, 7.25], "texture": "#0"},
				"west": {"uv": [2.75, 7, 2.75, 7.25], "texture": "#0"},
				"up": {"uv": [2.75, 7, 2.5, 7], "texture": "#0"},
				"down": {"uv": [3, 7, 2.75, 7], "texture": "#0"}
			}
		},
		{
			"from": [6.5, -4, 6],
			"to": [7.5, -3, 6],
			"faces": {
				"north": {"uv": [7, 2, 7.25, 2.25], "texture": "#0"},
				"east": {"uv": [7, 2, 7, 2.25], "texture": "#0"},
				"south": {"uv": [7.25, 2, 7.5, 2.25], "texture": "#0"},
				"west": {"uv": [7.25, 2, 7.25, 2.25], "texture": "#0"},
				"up": {"uv": [7.25, 2, 7, 2], "texture": "#0"},
				"down": {"uv": [7.5, 2, 7.25, 2], "texture": "#0"}
			}
		},
		{
			"from": [7.5, -4, 6],
			"to": [8.5, -3, 6],
			"faces": {
				"north": {"uv": [2, 7, 2.25, 7.25], "texture": "#0"},
				"east": {"uv": [2, 7, 2, 7.25], "texture": "#0"},
				"south": {"uv": [2.25, 7, 2.5, 7.25], "texture": "#0"},
				"west": {"uv": [2.25, 7, 2.25, 7.25], "texture": "#0"},
				"up": {"uv": [2.25, 7, 2, 7], "texture": "#0"},
				"down": {"uv": [2.5, 7, 2.25, 7], "texture": "#0"}
			}
		},
		{
			"from": [8.5, -5, 6],
			"to": [9.5, -4, 6],
			"faces": {
				"north": {"uv": [7, 1.75, 7.25, 2], "texture": "#0"},
				"east": {"uv": [7, 1.75, 7, 2], "texture": "#0"},
				"south": {"uv": [7.25, 1.75, 7.5, 2], "texture": "#0"},
				"west": {"uv": [7.25, 1.75, 7.25, 2], "texture": "#0"},
				"up": {"uv": [7.25, 1.75, 7, 1.75], "texture": "#0"},
				"down": {"uv": [7.5, 1.75, 7.25, 1.75], "texture": "#0"}
			}
		},
		{
			"from": [7.5, 2, 6],
			"to": [8.5, 3, 6],
			"faces": {
				"north": {"uv": [5.5, 7, 5.75, 7.25], "texture": "#0"},
				"east": {"uv": [5.5, 7, 5.5, 7.25], "texture": "#0"},
				"south": {"uv": [5.75, 7, 6, 7.25], "texture": "#0"},
				"west": {"uv": [5.75, 7, 5.75, 7.25], "texture": "#0"},
				"up": {"uv": [5.75, 7, 5.5, 7], "texture": "#0"},
				"down": {"uv": [6, 7, 5.75, 7], "texture": "#0"}
			}
		},
		{
			"from": [8.5, 1, 6],
			"to": [9.5, 2, 6],
			"faces": {
				"north": {"uv": [5.5, 7, 5.75, 7.25], "texture": "#0"},
				"east": {"uv": [5.5, 7, 5.5, 7.25], "texture": "#0"},
				"south": {"uv": [5.75, 7, 6, 7.25], "texture": "#0"},
				"west": {"uv": [5.75, 7, 5.75, 7.25], "texture": "#0"},
				"up": {"uv": [5.75, 7, 5.5, 7], "texture": "#0"},
				"down": {"uv": [6, 7, 5.75, 7], "texture": "#0"}
			}
		},
		{
			"from": [6.5, 9, 6],
			"to": [7.5, 10, 6],
			"faces": {
				"north": {"uv": [7.5, 1.25, 7.75, 1.5], "texture": "#0"},
				"east": {"uv": [7.5, 1.25, 7.5, 1.5], "texture": "#0"},
				"south": {"uv": [7.75, 1.25, 8, 1.5], "texture": "#0"},
				"west": {"uv": [7.75, 1.25, 7.75, 1.5], "texture": "#0"},
				"up": {"uv": [7.75, 1.25, 7.5, 1.25], "texture": "#0"},
				"down": {"uv": [8, 1.25, 7.75, 1.25], "texture": "#0"}
			}
		},
		{
			"from": [7.5, 10, 6],
			"to": [8.5, 11, 6],
			"faces": {
				"north": {"uv": [7.5, 0.25, 7.75, 0.5], "texture": "#0"},
				"east": {"uv": [7.5, 0.25, 7.5, 0.5], "texture": "#0"},
				"south": {"uv": [7.75, 0.25, 8, 0.5], "texture": "#0"},
				"west": {"uv": [7.75, 0.25, 7.75, 0.5], "texture": "#0"},
				"up": {"uv": [7.75, 0.25, 7.5, 0.25], "texture": "#0"},
				"down": {"uv": [8, 0.25, 7.75, 0.25], "texture": "#0"}
			}
		},
		{
			"from": [7.5, 11, 6],
			"to": [8.5, 12, 6],
			"faces": {
				"north": {"uv": [7.5, 0, 7.75, 0.25], "texture": "#0"},
				"east": {"uv": [7.5, 0, 7.5, 0.25], "texture": "#0"},
				"south": {"uv": [7.75, 0, 8, 0.25], "texture": "#0"},
				"west": {"uv": [7.75, 0, 7.75, 0.25], "texture": "#0"},
				"up": {"uv": [7.75, 0, 7.5, 0], "texture": "#0"},
				"down": {"uv": [8, 0, 7.75, 0], "texture": "#0"}
			}
		},
		{
			"from": [7.5, 12, 6],
			"to": [8.5, 13, 6],
			"faces": {
				"north": {"uv": [7, 7.25, 7.25, 7.5], "texture": "#0"},
				"east": {"uv": [7, 7.25, 7, 7.5], "texture": "#0"},
				"south": {"uv": [7.25, 7.25, 7.5, 7.5], "texture": "#0"},
				"west": {"uv": [7.25, 7.25, 7.25, 7.5], "texture": "#0"},
				"up": {"uv": [7.25, 7.25, 7, 7.25], "texture": "#0"},
				"down": {"uv": [7.5, 7.25, 7.25, 7.25], "texture": "#0"}
			}
		},
		{
			"from": [9.5, 5, 9],
			"to": [9.5, 6, 10],
			"faces": {
				"north": {"uv": [3.25, 6.5, 3.25, 6.75], "texture": "#0"},
				"east": {"uv": [3, 6.5, 3.25, 6.75], "texture": "#0"},
				"south": {"uv": [3.5, 6.5, 3.5, 6.75], "texture": "#0"},
				"west": {"uv": [3.25, 6.5, 3.5, 6.75], "texture": "#0"},
				"up": {"uv": [3.25, 6.5, 3.25, 6.25], "texture": "#0"},
				"down": {"uv": [3.25, 6.25, 3.25, 6.5], "texture": "#0"}
			}
		},
		{
			"from": [9.5, 4, 8],
			"to": [9.5, 5, 9],
			"faces": {
				"north": {"uv": [2.75, 6.5, 2.75, 6.75], "texture": "#0"},
				"east": {"uv": [2.5, 6.5, 2.75, 6.75], "texture": "#0"},
				"south": {"uv": [3, 6.5, 3, 6.75], "texture": "#0"},
				"west": {"uv": [2.75, 6.5, 3, 6.75], "texture": "#0"},
				"up": {"uv": [2.75, 6.5, 2.75, 6.25], "texture": "#0"},
				"down": {"uv": [2.75, 6.25, 2.75, 6.5], "texture": "#0"}
			}
		},
		{
			"from": [9.5, 3, 8],
			"to": [9.5, 4, 9],
			"faces": {
				"north": {"uv": [1.75, 6.5, 1.75, 6.75], "texture": "#0"},
				"east": {"uv": [1.5, 6.5, 1.75, 6.75], "texture": "#0"},
				"south": {"uv": [2, 6.5, 2, 6.75], "texture": "#0"},
				"west": {"uv": [1.75, 6.5, 2, 6.75], "texture": "#0"},
				"up": {"uv": [1.75, 6.5, 1.75, 6.25], "texture": "#0"},
				"down": {"uv": [1.75, 6.25, 1.75, 6.5], "texture": "#0"}
			}
		},
		{
			"from": [9.5, 2, 7],
			"to": [9.5, 3, 8],
			"faces": {
				"north": {"uv": [6.25, 3.75, 6.25, 4], "texture": "#0"},
				"east": {"uv": [6, 3.75, 6.25, 4], "texture": "#0"},
				"south": {"uv": [6.5, 3.75, 6.5, 4], "texture": "#0"},
				"west": {"uv": [6.25, 3.75, 6.5, 4], "texture": "#0"},
				"up": {"uv": [6.25, 3.75, 6.25, 3.5], "texture": "#0"},
				"down": {"uv": [6.25, 3.5, 6.25, 3.75], "texture": "#0"}
			}
		},
		{
			"from": [9.5, 1, 6],
			"to": [9.5, 2, 7],
			"faces": {
				"north": {"uv": [3.25, 6.25, 3.25, 6.5], "texture": "#0"},
				"east": {"uv": [3, 6.25, 3.25, 6.5], "texture": "#0"},
				"south": {"uv": [3.5, 6.25, 3.5, 6.5], "texture": "#0"},
				"west": {"uv": [3.25, 6.25, 3.5, 6.5], "texture": "#0"},
				"up": {"uv": [3.25, 6.25, 3.25, 6], "texture": "#0"},
				"down": {"uv": [3.25, 6, 3.25, 6.25], "texture": "#0"}
			}
		},
		{
			"from": [9.5, -6, 6],
			"to": [9.5, -5, 7],
			"faces": {
				"north": {"uv": [6.25, 3, 6.25, 3.25], "texture": "#0"},
				"east": {"uv": [6, 3, 6.25, 3.25], "texture": "#0"},
				"south": {"uv": [6.5, 3, 6.5, 3.25], "texture": "#0"},
				"west": {"uv": [6.25, 3, 6.5, 3.25], "texture": "#0"},
				"up": {"uv": [6.25, 3, 6.25, 2.75], "texture": "#0"},
				"down": {"uv": [6.25, 2.75, 6.25, 3], "texture": "#0"}
			}
		},
		{
			"from": [9.5, -6, 7],
			"to": [9.5, -5, 8],
			"faces": {
				"north": {"uv": [6.25, 2.75, 6.25, 3], "texture": "#0"},
				"east": {"uv": [6, 2.75, 6.25, 3], "texture": "#0"},
				"south": {"uv": [6.5, 2.75, 6.5, 3], "texture": "#0"},
				"west": {"uv": [6.25, 2.75, 6.5, 3], "texture": "#0"},
				"up": {"uv": [6.25, 2.75, 6.25, 2.5], "texture": "#0"},
				"down": {"uv": [6.25, 2.5, 6.25, 2.75], "texture": "#0"}
			}
		},
		{
			"from": [9.5, -7, 8],
			"to": [9.5, -6, 9],
			"faces": {
				"north": {"uv": [2.75, 6.25, 2.75, 6.5], "texture": "#0"},
				"east": {"uv": [2.5, 6.25, 2.75, 6.5], "texture": "#0"},
				"south": {"uv": [3, 6.25, 3, 6.5], "texture": "#0"},
				"west": {"uv": [2.75, 6.25, 3, 6.5], "texture": "#0"},
				"up": {"uv": [2.75, 6.25, 2.75, 6], "texture": "#0"},
				"down": {"uv": [2.75, 6, 2.75, 6.25], "texture": "#0"}
			}
		},
		{
			"from": [9.5, -8, 9],
			"to": [9.5, -7, 10],
			"faces": {
				"north": {"uv": [1.75, 6.25, 1.75, 6.5], "texture": "#0"},
				"east": {"uv": [1.5, 6.25, 1.75, 6.5], "texture": "#0"},
				"south": {"uv": [2, 6.25, 2, 6.5], "texture": "#0"},
				"west": {"uv": [1.75, 6.25, 2, 6.5], "texture": "#0"},
				"up": {"uv": [1.75, 6.25, 1.75, 6], "texture": "#0"},
				"down": {"uv": [1.75, 6, 1.75, 6.25], "texture": "#0"}
			}
		},
		{
			"from": [9.5, -9, 9],
			"to": [9.5, -8, 10],
			"faces": {
				"north": {"uv": [3.25, 6, 3.25, 6.25], "texture": "#0"},
				"east": {"uv": [3, 6, 3.25, 6.25], "texture": "#0"},
				"south": {"uv": [3.5, 6, 3.5, 6.25], "texture": "#0"},
				"west": {"uv": [3.25, 6, 3.5, 6.25], "texture": "#0"},
				"up": {"uv": [3.25, 6, 3.25, 5.75], "texture": "#0"},
				"down": {"uv": [3.25, 5.75, 3.25, 6], "texture": "#0"}
			}
		},
		{
			"from": [9.5, 10, 8],
			"to": [9.5, 12, 9],
			"faces": {
				"north": {"uv": [4.25, 4.25, 4.25, 4.75], "texture": "#0"},
				"east": {"uv": [4, 4.25, 4.25, 4.75], "texture": "#0"},
				"south": {"uv": [4.5, 4.25, 4.5, 4.75], "texture": "#0"},
				"west": {"uv": [4.25, 4.25, 4.5, 4.75], "texture": "#0"},
				"up": {"uv": [4.25, 4.25, 4.25, 4], "texture": "#0"},
				"down": {"uv": [4.25, 4, 4.25, 4.25], "texture": "#0"}
			}
		},
		{
			"from": [9.5, 12, 7],
			"to": [9.5, 13, 8],
			"faces": {
				"north": {"uv": [5.25, 6.5, 5.25, 6.75], "texture": "#0"},
				"east": {"uv": [5, 6.5, 5.25, 6.75], "texture": "#0"},
				"south": {"uv": [5.5, 6.5, 5.5, 6.75], "texture": "#0"},
				"west": {"uv": [5.25, 6.5, 5.5, 6.75], "texture": "#0"},
				"up": {"uv": [5.25, 6.5, 5.25, 6.25], "texture": "#0"},
				"down": {"uv": [5.25, 6.25, 5.25, 6.5], "texture": "#0"}
			}
		},
		{
			"from": [9.5, 13, 6],
			"to": [9.5, 14, 7],
			"faces": {
				"north": {"uv": [4.25, 6.5, 4.25, 6.75], "texture": "#0"},
				"east": {"uv": [4, 6.5, 4.25, 6.75], "texture": "#0"},
				"south": {"uv": [4.5, 6.5, 4.5, 6.75], "texture": "#0"},
				"west": {"uv": [4.25, 6.5, 4.5, 6.75], "texture": "#0"},
				"up": {"uv": [4.25, 6.5, 4.25, 6.25], "texture": "#0"},
				"down": {"uv": [4.25, 6.25, 4.25, 6.5], "texture": "#0"}
			}
		},
		{
			"from": [8.5, 6, 10],
			"to": [9.5, 7, 10],
			"faces": {
				"north": {"uv": [7, 1.5, 7.25, 1.75], "texture": "#0"},
				"east": {"uv": [7, 1.5, 7, 1.75], "texture": "#0"},
				"south": {"uv": [7.25, 1.5, 7.5, 1.75], "texture": "#0"},
				"west": {"uv": [7.25, 1.5, 7.25, 1.75], "texture": "#0"},
				"up": {"uv": [7.25, 1.5, 7, 1.5], "texture": "#0"},
				"down": {"uv": [7.5, 1.5, 7.25, 1.5], "texture": "#0"}
			}
		},
		{
			"from": [7.5, 7, 10],
			"to": [8.5, 8, 10],
			"faces": {
				"north": {"uv": [0, 7, 0.25, 7.25], "texture": "#0"},
				"east": {"uv": [0, 7, 0, 7.25], "texture": "#0"},
				"south": {"uv": [0.25, 7, 0.5, 7.25], "texture": "#0"},
				"west": {"uv": [0.25, 7, 0.25, 7.25], "texture": "#0"},
				"up": {"uv": [0.25, 7, 0, 7], "texture": "#0"},
				"down": {"uv": [0.5, 7, 0.25, 7], "texture": "#0"}
			}
		},
		{
			"from": [7.5, 8, 10],
			"to": [8.5, 9, 10],
			"faces": {
				"north": {"uv": [5, 6.75, 5.25, 7], "texture": "#0"},
				"east": {"uv": [5, 6.75, 5, 7], "texture": "#0"},
				"south": {"uv": [5.25, 6.75, 5.5, 7], "texture": "#0"},
				"west": {"uv": [5.25, 6.75, 5.25, 7], "texture": "#0"},
				"up": {"uv": [5.25, 6.75, 5, 6.75], "texture": "#0"},
				"down": {"uv": [5.5, 6.75, 5.25, 6.75], "texture": "#0"}
			}
		},
		{
			"from": [8.5, 9, 10],
			"to": [9.5, 10, 10],
			"faces": {
				"north": {"uv": [4, 6.75, 4.25, 7], "texture": "#0"},
				"east": {"uv": [4, 6.75, 4, 7], "texture": "#0"},
				"south": {"uv": [4.25, 6.75, 4.5, 7], "texture": "#0"},
				"west": {"uv": [4.25, 6.75, 4.25, 7], "texture": "#0"},
				"up": {"uv": [4.25, 6.75, 4, 6.75], "texture": "#0"},
				"down": {"uv": [4.5, 6.75, 4.25, 6.75], "texture": "#0"}
			}
		},
		{
			"from": [7.5, 5, 10],
			"to": [8.5, 6, 10],
			"faces": {
				"north": {"uv": [1.5, 7, 1.75, 7.25], "texture": "#0"},
				"east": {"uv": [1.5, 7, 1.5, 7.25], "texture": "#0"},
				"south": {"uv": [1.75, 7, 2, 7.25], "texture": "#0"},
				"west": {"uv": [1.75, 7, 1.75, 7.25], "texture": "#0"},
				"up": {"uv": [1.75, 7, 1.5, 7], "texture": "#0"},
				"down": {"uv": [2, 7, 1.75, 7], "texture": "#0"}
			}
		},
		{
			"from": [6.5, 5, 10],
			"to": [7.5, 6, 10],
			"faces": {
				"north": {"uv": [7, 1.25, 7.25, 1.5], "texture": "#0"},
				"east": {"uv": [7, 1.25, 7, 1.5], "texture": "#0"},
				"south": {"uv": [7.25, 1.25, 7.5, 1.5], "texture": "#0"},
				"west": {"uv": [7.25, 1.25, 7.25, 1.5], "texture": "#0"},
				"up": {"uv": [7.25, 1.25, 7, 1.25], "texture": "#0"},
				"down": {"uv": [7.5, 1.25, 7.25, 1.25], "texture": "#0"}
			}
		},
		{
			"from": [5.5, 4, 10],
			"to": [6.5, 5, 10],
			"faces": {
				"north": {"uv": [0.5, 7, 0.75, 7.25], "texture": "#0"},
				"east": {"uv": [0.5, 7, 0.5, 7.25], "texture": "#0"},
				"south": {"uv": [0.75, 7, 1, 7.25], "texture": "#0"},
				"west": {"uv": [0.75, 7, 0.75, 7.25], "texture": "#0"},
				"up": {"uv": [0.75, 7, 0.5, 7], "texture": "#0"},
				"down": {"uv": [1, 7, 0.75, 7], "texture": "#0"}
			}
		},
		{
			"from": [5.5, -2, 10],
			"to": [6.5, -1, 10],
			"faces": {
				"north": {"uv": [3, 6.75, 3.25, 7], "texture": "#0"},
				"east": {"uv": [3, 6.75, 3, 7], "texture": "#0"},
				"south": {"uv": [3.25, 6.75, 3.5, 7], "texture": "#0"},
				"west": {"uv": [3.25, 6.75, 3.25, 7], "texture": "#0"},
				"up": {"uv": [3.25, 6.75, 3, 6.75], "texture": "#0"},
				"down": {"uv": [3.5, 6.75, 3.25, 6.75], "texture": "#0"}
			}
		},
		{
			"from": [6.5, -3, 10],
			"to": [7.5, -2, 10],
			"faces": {
				"north": {"uv": [6.5, 6.5, 6.75, 6.75], "texture": "#0"},
				"east": {"uv": [6.5, 6.5, 6.5, 6.75], "texture": "#0"},
				"south": {"uv": [6.75, 6.5, 7, 6.75], "texture": "#0"},
				"west": {"uv": [6.75, 6.5, 6.75, 6.75], "texture": "#0"},
				"up": {"uv": [6.75, 6.5, 6.5, 6.5], "texture": "#0"},
				"down": {"uv": [7, 6.5, 6.75, 6.5], "texture": "#0"}
			}
		},
		{
			"from": [7.5, -4, 10],
			"to": [8.5, -3, 10],
			"faces": {
				"north": {"uv": [6.5, 4.75, 6.75, 5], "texture": "#0"},
				"east": {"uv": [6.5, 4.75, 6.5, 5], "texture": "#0"},
				"south": {"uv": [6.75, 4.75, 7, 5], "texture": "#0"},
				"west": {"uv": [6.75, 4.75, 6.75, 5], "texture": "#0"},
				"up": {"uv": [6.75, 4.75, 6.5, 4.75], "texture": "#0"},
				"down": {"uv": [7, 4.75, 6.75, 4.75], "texture": "#0"}
			}
		},
		{
			"from": [7.5, -5, 10],
			"to": [8.5, -4, 10],
			"faces": {
				"north": {"uv": [6.5, 4.5, 6.75, 4.75], "texture": "#0"},
				"east": {"uv": [6.5, 4.5, 6.5, 4.75], "texture": "#0"},
				"south": {"uv": [6.75, 4.5, 7, 4.75], "texture": "#0"},
				"west": {"uv": [6.75, 4.5, 6.75, 4.75], "texture": "#0"},
				"up": {"uv": [6.75, 4.5, 6.5, 4.5], "texture": "#0"},
				"down": {"uv": [7, 4.5, 6.75, 4.5], "texture": "#0"}
			}
		},
		{
			"from": [6.5, -6, 10],
			"to": [7.5, -5, 10],
			"faces": {
				"north": {"uv": [6.5, 4.25, 6.75, 4.5], "texture": "#0"},
				"east": {"uv": [6.5, 4.25, 6.5, 4.5], "texture": "#0"},
				"south": {"uv": [6.75, 4.25, 7, 4.5], "texture": "#0"},
				"west": {"uv": [6.75, 4.25, 6.75, 4.5], "texture": "#0"},
				"up": {"uv": [6.75, 4.25, 6.5, 4.25], "texture": "#0"},
				"down": {"uv": [7, 4.25, 6.75, 4.25], "texture": "#0"}
			}
		},
		{
			"from": [6.5, -7, 10],
			"to": [7.5, -6, 10],
			"faces": {
				"north": {"uv": [6.5, 3.75, 6.75, 4], "texture": "#0"},
				"east": {"uv": [6.5, 3.75, 6.5, 4], "texture": "#0"},
				"south": {"uv": [6.75, 3.75, 7, 4], "texture": "#0"},
				"west": {"uv": [6.75, 3.75, 6.75, 4], "texture": "#0"},
				"up": {"uv": [6.75, 3.75, 6.5, 3.75], "texture": "#0"},
				"down": {"uv": [7, 3.75, 6.75, 3.75], "texture": "#0"}
			}
		},
		{
			"from": [6.5, -8, 10],
			"to": [7.5, -7, 10],
			"faces": {
				"north": {"uv": [6.5, 0, 6.75, 0.25], "texture": "#0"},
				"east": {"uv": [6.5, 0, 6.5, 0.25], "texture": "#0"},
				"south": {"uv": [6.75, 0, 7, 0.25], "texture": "#0"},
				"west": {"uv": [6.75, 0, 6.75, 0.25], "texture": "#0"},
				"up": {"uv": [6.75, 0, 6.5, 0], "texture": "#0"},
				"down": {"uv": [7, 0, 6.75, 0], "texture": "#0"}
			}
		},
		{
			"from": [5.5, -9, 10],
			"to": [6.5, -8, 10],
			"faces": {
				"north": {"uv": [4.5, 0, 4.75, 0.25], "texture": "#0"},
				"east": {"uv": [4.5, 0, 4.5, 0.25], "texture": "#0"},
				"south": {"uv": [4.75, 0, 5, 0.25], "texture": "#0"},
				"west": {"uv": [4.75, 0, 4.75, 0.25], "texture": "#0"},
				"up": {"uv": [4.75, 0, 4.5, 0], "texture": "#0"},
				"down": {"uv": [5, 0, 4.75, 0], "texture": "#0"}
			}
		},
		{
			"from": [5.5, 6, 6],
			"to": [5.5, 7, 7],
			"faces": {
				"north": {"uv": [6, 0.5, 6, 0.75], "texture": "#0"},
				"east": {"uv": [5.75, 0.5, 6, 0.75], "texture": "#0"},
				"south": {"uv": [6.25, 0.5, 6.25, 0.75], "texture": "#0"},
				"west": {"uv": [6, 0.5, 6.25, 0.75], "texture": "#0"},
				"up": {"uv": [6, 0.5, 6, 0.25], "texture": "#0"},
				"down": {"uv": [6, 0.25, 6, 0.5], "texture": "#0"}
			}
		},
		{
			"from": [5.5, 5, 7],
			"to": [5.5, 6, 8],
			"faces": {
				"north": {"uv": [5.75, 3.75, 5.75, 4], "texture": "#0"},
				"east": {"uv": [5.5, 3.75, 5.75, 4], "texture": "#0"},
				"south": {"uv": [6, 3.75, 6, 4], "texture": "#0"},
				"west": {"uv": [5.75, 3.75, 6, 4], "texture": "#0"},
				"up": {"uv": [5.75, 3.75, 5.75, 3.5], "texture": "#0"},
				"down": {"uv": [5.75, 3.5, 5.75, 3.75], "texture": "#0"}
			}
		},
		{
			"from": [5.5, 0, 6],
			"to": [5.5, 1, 7],
			"faces": {
				"north": {"uv": [5.25, 3.75, 5.25, 4], "texture": "#0"},
				"east": {"uv": [5, 3.75, 5.25, 4], "texture": "#0"},
				"south": {"uv": [5.5, 3.75, 5.5, 4], "texture": "#0"},
				"west": {"uv": [5.25, 3.75, 5.5, 4], "texture": "#0"},
				"up": {"uv": [5.25, 3.75, 5.25, 3.5], "texture": "#0"},
				"down": {"uv": [5.25, 3.5, 5.25, 3.75], "texture": "#0"}
			}
		},
		{
			"from": [5.5, 0, 7],
			"to": [5.5, 1, 8],
			"faces": {
				"north": {"uv": [3.25, 5.25, 3.25, 5.5], "texture": "#0"},
				"east": {"uv": [3, 5.25, 3.25, 5.5], "texture": "#0"},
				"south": {"uv": [3.5, 5.25, 3.5, 5.5], "texture": "#0"},
				"west": {"uv": [3.25, 5.25, 3.5, 5.5], "texture": "#0"},
				"up": {"uv": [3.25, 5.25, 3.25, 5], "texture": "#0"},
				"down": {"uv": [3.25, 5, 3.25, 5.25], "texture": "#0"}
			}
		},
		{
			"from": [5.5, -1, 8],
			"to": [5.5, 0, 9],
			"faces": {
				"north": {"uv": [4.25, 4.75, 4.25, 5], "texture": "#0"},
				"east": {"uv": [4, 4.75, 4.25, 5], "texture": "#0"},
				"south": {"uv": [4.5, 4.75, 4.5, 5], "texture": "#0"},
				"west": {"uv": [4.25, 4.75, 4.5, 5], "texture": "#0"},
				"up": {"uv": [4.25, 4.75, 4.25, 4.5], "texture": "#0"},
				"down": {"uv": [4.25, 4.5, 4.25, 4.75], "texture": "#0"}
			}
		},
		{
			"from": [5.5, -1, 9],
			"to": [5.5, 0, 10],
			"faces": {
				"north": {"uv": [4.75, 3.75, 4.75, 4], "texture": "#0"},
				"east": {"uv": [4.5, 3.75, 4.75, 4], "texture": "#0"},
				"south": {"uv": [5, 3.75, 5, 4], "texture": "#0"},
				"west": {"uv": [4.75, 3.75, 5, 4], "texture": "#0"},
				"up": {"uv": [4.75, 3.75, 4.75, 3.5], "texture": "#0"},
				"down": {"uv": [4.75, 3.5, 4.75, 3.75], "texture": "#0"}
			}
		},
		{
			"from": [5.5, -2, 7],
			"to": [5.5, -1, 8],
			"faces": {
				"north": {"uv": [4.75, 2.5, 4.75, 2.75], "texture": "#0"},
				"east": {"uv": [4.5, 2.5, 4.75, 2.75], "texture": "#0"},
				"south": {"uv": [5, 2.5, 5, 2.75], "texture": "#0"},
				"west": {"uv": [4.75, 2.5, 5, 2.75], "texture": "#0"},
				"up": {"uv": [4.75, 2.5, 4.75, 2.25], "texture": "#0"},
				"down": {"uv": [4.75, 2.25, 4.75, 2.5], "texture": "#0"}
			}
		},
		{
			"from": [5.5, -3, 6],
			"to": [5.5, -2, 7],
			"faces": {
				"north": {"uv": [4.75, 2.25, 4.75, 2.5], "texture": "#0"},
				"east": {"uv": [4.5, 2.25, 4.75, 2.5], "texture": "#0"},
				"south": {"uv": [5, 2.25, 5, 2.5], "texture": "#0"},
				"west": {"uv": [4.75, 2.25, 5, 2.5], "texture": "#0"},
				"up": {"uv": [4.75, 2.25, 4.75, 2], "texture": "#0"},
				"down": {"uv": [4.75, 2, 4.75, 2.25], "texture": "#0"}
			}
		},
		{
			"from": [5.5, -8, 9],
			"to": [5.5, -7, 10],
			"faces": {
				"north": {"uv": [4.75, 0.5, 4.75, 0.75], "texture": "#0"},
				"east": {"uv": [4.5, 0.5, 4.75, 0.75], "texture": "#0"},
				"south": {"uv": [5, 0.5, 5, 0.75], "texture": "#0"},
				"west": {"uv": [4.75, 0.5, 5, 0.75], "texture": "#0"},
				"up": {"uv": [4.75, 0.5, 4.75, 0.25], "texture": "#0"},
				"down": {"uv": [4.75, 0.25, 4.75, 0.5], "texture": "#0"}
			}
		},
		{
			"from": [5.5, -7, 8],
			"to": [5.5, -6, 9],
			"faces": {
				"north": {"uv": [4.75, 0.25, 4.75, 0.5], "texture": "#0"},
				"east": {"uv": [4.5, 0.25, 4.75, 0.5], "texture": "#0"},
				"south": {"uv": [5, 0.25, 5, 0.5], "texture": "#0"},
				"west": {"uv": [4.75, 0.25, 5, 0.5], "texture": "#0"},
				"up": {"uv": [4.75, 0.25, 4.75, 0], "texture": "#0"},
				"down": {"uv": [4.75, 0, 4.75, 0.25], "texture": "#0"}
			}
		},
		{
			"from": [5.5, -6, 7],
			"to": [5.5, -5, 8],
			"faces": {
				"north": {"uv": [3, 3.5, 3, 3.75], "texture": "#0"},
				"east": {"uv": [2.75, 3.5, 3, 3.75], "texture": "#0"},
				"south": {"uv": [3.25, 3.5, 3.25, 3.75], "texture": "#0"},
				"west": {"uv": [3, 3.5, 3.25, 3.75], "texture": "#0"},
				"up": {"uv": [3, 3.5, 3, 3.25], "texture": "#0"},
				"down": {"uv": [3, 3.25, 3, 3.5], "texture": "#0"}
			}
		},
		{
			"from": [5.5, -5, 7],
			"to": [5.5, -4, 8],
			"faces": {
				"north": {"uv": [1.5, 3.5, 1.5, 3.75], "texture": "#0"},
				"east": {"uv": [1.25, 3.5, 1.5, 3.75], "texture": "#0"},
				"south": {"uv": [1.75, 3.5, 1.75, 3.75], "texture": "#0"},
				"west": {"uv": [1.5, 3.5, 1.75, 3.75], "texture": "#0"},
				"up": {"uv": [1.5, 3.5, 1.5, 3.25], "texture": "#0"},
				"down": {"uv": [1.5, 3.25, 1.5, 3.5], "texture": "#0"}
			}
		},
		{
			"from": [5.5, -4, 6],
			"to": [5.5, -3, 7],
			"faces": {
				"north": {"uv": [6.25, 6.5, 6.25, 6.75], "texture": "#0"},
				"east": {"uv": [6, 6.5, 6.25, 6.75], "texture": "#0"},
				"south": {"uv": [6.5, 6.5, 6.5, 6.75], "texture": "#0"},
				"west": {"uv": [6.25, 6.5, 6.5, 6.75], "texture": "#0"},
				"up": {"uv": [6.25, 6.5, 6.25, 6.25], "texture": "#0"},
				"down": {"uv": [6.25, 6.25, 6.25, 6.5], "texture": "#0"}
			}
		},
		{
			"from": [5.5, 13, 7],
			"to": [5.5, 14, 8],
			"faces": {
				"north": {"uv": [5.5, 4.5, 5.5, 4.75], "texture": "#0"},
				"east": {"uv": [5.25, 4.5, 5.5, 4.75], "texture": "#0"},
				"south": {"uv": [5.75, 4.5, 5.75, 4.75], "texture": "#0"},
				"west": {"uv": [5.5, 4.5, 5.75, 4.75], "texture": "#0"},
				"up": {"uv": [5.5, 4.5, 5.5, 4.25], "texture": "#0"},
				"down": {"uv": [5.5, 4.25, 5.5, 4.5], "texture": "#0"}
			}
		},
		{
			"from": [5.5, 12, 7],
			"to": [5.5, 13, 8],
			"faces": {
				"north": {"uv": [5.5, 4.25, 5.5, 4.5], "texture": "#0"},
				"east": {"uv": [5.25, 4.25, 5.5, 4.5], "texture": "#0"},
				"south": {"uv": [5.75, 4.25, 5.75, 4.5], "texture": "#0"},
				"west": {"uv": [5.5, 4.25, 5.75, 4.5], "texture": "#0"},
				"up": {"uv": [5.5, 4.25, 5.5, 4], "texture": "#0"},
				"down": {"uv": [5.5, 4, 5.5, 4.25], "texture": "#0"}
			}
		},
		{
			"from": [5.5, 11, 8],
			"to": [5.5, 12, 9],
			"faces": {
				"north": {"uv": [3.25, 5.5, 3.25, 5.75], "texture": "#0"},
				"east": {"uv": [3, 5.5, 3.25, 5.75], "texture": "#0"},
				"south": {"uv": [3.5, 5.5, 3.5, 5.75], "texture": "#0"},
				"west": {"uv": [3.25, 5.5, 3.5, 5.75], "texture": "#0"},
				"up": {"uv": [3.25, 5.5, 3.25, 5.25], "texture": "#0"},
				"down": {"uv": [3.25, 5.25, 3.25, 5.5], "texture": "#0"}
			}
		},
		{
			"from": [5.5, 4, 8],
			"to": [5.5, 5, 9],
			"faces": {
				"north": {"uv": [3.25, 5.75, 3.25, 6], "texture": "#0"},
				"east": {"uv": [3, 5.75, 3.25, 6], "texture": "#0"},
				"south": {"uv": [3.5, 5.75, 3.5, 6], "texture": "#0"},
				"west": {"uv": [3.25, 5.75, 3.5, 6], "texture": "#0"},
				"up": {"uv": [3.25, 5.75, 3.25, 5.5], "texture": "#0"},
				"down": {"uv": [3.25, 5.5, 3.25, 5.75], "texture": "#0"}
			}
		},
		{
			"from": [5.5, 4, 9],
			"to": [5.5, 5, 10],
			"faces": {
				"north": {"uv": [5.5, 4.75, 5.5, 5], "texture": "#0"},
				"east": {"uv": [5.25, 4.75, 5.5, 5], "texture": "#0"},
				"south": {"uv": [5.75, 4.75, 5.75, 5], "texture": "#0"},
				"west": {"uv": [5.5, 4.75, 5.75, 5], "texture": "#0"},
				"up": {"uv": [5.5, 4.75, 5.5, 4.5], "texture": "#0"},
				"down": {"uv": [5.5, 4.5, 5.5, 4.75], "texture": "#0"}
			}
		}
	],
	"display": {
		"thirdperson_righthand": {
			"translation": [0, 4.25, 0.25],
			"scale": [0.50586, 0.50586, 0.50586]
		},
		"thirdperson_lefthand": {
			"translation": [0, 4.25, 0.5],
			"scale": [0.50586, 0.50586, 0.50586]
		},
		"firstperson_righthand": {
			"rotation": [-69, 14, 5],
			"translation": [-0.25, 7.25, 4.5],
			"scale": [0.35352, 0.35352, 0.35352]
		},
		"firstperson_lefthand": {
			"rotation": [-68.08, 14.08, -5.14],
			"translation": [9, 6, 4],
			"scale": [0.35352, 0.35352, 0.35352]
		},
		"ground": {
			"translation": [0, 9, 0],
			"scale": [0.51367, 0.51367, 0.51367]
		},
		"gui": {
			"rotation": [90, 46, -90],
			"translation": [-0.5, -0.25, 0],
			"scale": [0.43555, 0.43555, 0.43555]
		},
		"head": {
			"rotation": [135.09, 55.89, 58.02],
			"translation": [8.25, 14, 1.75],
			"scale": [0.6543, 0.6543, 0.6543]
		},
		"fixed": {
			"rotation": [90, -45, 90],
			"translation": [0.5, -0.25, 0],
			"scale": [0.5, 0.5, 0.5]
		}
	},
	"groups": [
		{
			"name": "group",
			"origin": [0, 0, 0],
			"color": 0,
			"children": [0, 1, 2, 3, 4, 5, 6, 7, 8, 9, 10, 11, 12, 13, 14, 15, 16, 17, 18, 19, 20, 21, 22, 23, 24, 25, 26, 27, 28, 29, 30, 31, 32, 33, 34, 35, 36, 37, 38, 39, 40, 41, 42, 43, 44, 45, 46, 47, 48, 49, 50, 51, 52, 53, 54, 55, 56, 57, 58, 59, 60, 61, 62, 63]
		},
		64,
		65,
		66,
		67,
		68,
		69,
		70,
		71,
		72,
		73,
		74,
		75,
		76,
		77,
		78,
		79,
		80,
		81,
		82,
		83,
		84,
		85,
		86,
		87,
		88,
		89,
		90,
		91,
		92,
		93,
		94,
		95,
		96,
		97,
		98,
		99,
		100,
		101,
		102,
		103,
		104,
		105,
		106,
		107,
		108,
		109,
		110,
		111,
		112,
		113,
		114,
		115,
		116,
		117,
		118,
		119,
		120,
		121,
		122,
		123,
		124,
		125,
		126,
		127,
		128,
		129,
		130,
		131
	]
}