{
  "parent": "item/generated",
  "textures": {
    "layer0": "minecraft:item/stick"
  },
  "overrides": [
    { "predicate": {"custom_model_data": 1}, "model": "item/arrow/1"},
    { "predicate": {"custom_model_data": 2}, "model": "item/arrow/2"},
    { "predicate": {"custom_model_data": 3}, "model": "item/arrow/3"},
    { "predicate": {"custom_model_data": 4}, "model": "item/arrow/4"},
    { "predicate": {"custom_model_data": 5}, "model": "item/chest/5"},
    { "predicate": {"custom_model_data": 6}, "model": "item/chest/6"},
    { "predicate": {"custom_model_data": 7}, "model": "item/weapon/12"}
  ]
}