{ 
"parent": "item/handheld", 
"textures": { 
"layer0": "item/weapon/8"
},
"display": {
    "thirdperson_righthand": {
        "rotation": [ 0, 90, 46 ],
        "translation": [ 0, 10, 2.5 ],
        "scale": [ 1.5, 1.5, 1.5 ]
    },
    "thirdperson_lefthand": {
        "rotation": [ 0, -90, -46 ],
        "translation": [ 0, 10, 2.5 ],
        "scale": [ 1.5, 1.5, 1.5 ]
    },
    "head": {
        "rotation": [ 0, 0, 0 ],
        "translation": [ 0, 0, 0 ],
        "scale": [ 0.95, 0.95, 0.95 ]
    },
    "ground": {
        "rotation": [ 0, 0, 45 ],
        "translation": [ 0, 4.5, 0 ],
        "scale": [ 1.2, 1.2, 1.2 ]
    },    
	"firstperson_righthand": {
        "rotation": [ 0, 90, 46 ],
        "translation": [ 0, 7, 2.5 ],
        "scale": [ 0.8, 0.8, 0.8 ]
    },
	"firstperson_lefthand": {
        "rotation": [ 0, 90, 46 ],
        "translation": [ 0, 7, 2.5 ],
        "scale": [ 0.8, 0.8, 0.8 ]
    },
    "fixed": {
        "rotation": [ 0, 0, 0 ],
        "translation": [ 0, 0, 0 ],
        "scale": [ 1.0, 1.0, 1.0 ]
    },

    "gui": {
        "rotation": [ 0, 0, 0 ],
        "translation": [ 0, 0, 0 ],
        "scale": [ 1.0, 1.0, 1.0 ]
    }
}
}