{
  "parent": "item/generated",
  "textures": {
    "layer0": "minecraft:item/diamond"
  },
  "overrides": [
    { "predicate": {"custom_model_data": 1}, "model": "item/wyverngems/1"},
    { "predicate": {"custom_model_data": 2}, "model": "item/wyverngems/2"},
    { "predicate": {"custom_model_data": 3}, "model": "item/wyverngems/3"},
    { "predicate": {"custom_model_data": 4}, "model": "item/wyverngems/4"},
    { "predicate": {"custom_model_data": 6}, "model": "item/wyverngems/6"},
    { "predicate": {"custom_model_data": 5}, "model": "item/wyverngems/5"}
  ]
}