{
  "parent": "item/handheld",
  "textures": {
    "layer0": "minecraft:item/tripwire_hook"
  },
  "overrides": [
    { "predicate": {"custom_model_data": 0}, "model": "item/key/0"},
    { "predicate": {"custom_model_data": 1}, "model": "item/key/1"},
    { "predicate": {"custom_model_data": 2}, "model": "item/key/2"},
    { "predicate": {"custom_model_data": 3}, "model": "item/key/3"},
    { "predicate": {"custom_model_data": 4}, "model": "item/key/4"},
    { "predicate": {"custom_model_data": 5}, "model": "item/key/5"}
  ]
}