{
"parent": "item/generated",
"textures": {
"layer0": "item/valentine/1"
},
"display": {
    "thirdperson_righthand": {
        "rotation": [ 0, 90, 45 ],
        "translation": [ 0, 7.5, 1.5 ],
        "scale": [ 1.4, 1.4, 1.4 ]
    },
    "thirdperson_lefthand": {
        "rotation": [ 0, -90, -45 ],
        "translation": [ 0, 7.5, 1.5 ],
        "scale": [ 1.4, 1.4, 1.4 ]
    },
    "head": {
        "rotation": [ 0, 0, 0 ],
        "translation": [ 0, 0, 0 ],
        "scale": [ 0.95, 0.95, 0.95 ]
    },
    "ground": {
        "rotation": [ 0, 0, 45 ],
        "translation": [ 0, 4.5, 0 ],
        "scale": [ 1.0, 1.0, 1.0 ]
    },    
	"firstperson_righthand": {
        "rotation": [ 0, 90, 10 ],
        "translation": [ 0, 6, 0.5 ],
        "scale": [ 0.85, 0.85, 0.85 ]
    },
	"firstperson_lefthand": {
        "rotation": [ 0, -90, -10 ],
        "translation": [ 0, 6, 0.5 ],
        "scale": [ 0.85, 0.85, 0.85 ]
    },
    "fixed": {
        "rotation": [ 0, 0, 0 ],
        "translation": [ 0, 0, 0 ],
        "scale": [ 1.0, 1.0, 1.0 ]
    },

    "gui": {
        "rotation": [ 0, 0, 0 ],
        "translation": [ 0, 0, 0 ],
        "scale": [ 1.0, 1.0, 1.0 ]
    }
}
}